user,post_id,comment,upvotes,responding_to,responding_to_id,comment_id
Seamusnh603,1jo2fyb,"""Including 56-year-old Le Pen, nine figures from her National Rally (RN) party were convicted over a scheme where they took advantage of European Parliament expenses to employ assistants who were actually working for the party.""

Which happens in the US Congress every damn day.",398,JeanParisot,1jo2fyb,mkpjvky
bw2082,1jo2fyb,Did she actually embezzle the money?,367,JeanParisot,1jo2fyb,mkospo2
truth-4-sale,1jo2fyb,"Charlie Kirk with Kurt Schlichter

# This Could Have Been Us: French Prosecutors Kick French Conservative Leader off the Ballot

[https://rumble.com/v6rh05x-this-could-have-been-us-french-prosecutors-kick-french-conservative-leader-.html](https://rumble.com/v6rh05x-this-could-have-been-us-french-prosecutors-kick-french-conservative-leader-.html)",6,JeanParisot,1jo2fyb,mkrnmwh
CMDR_Scorpse_Corpse,1jo2fyb,â€œFar-rightâ€ â€¦is nothing just considered simply conservative anymore? Seems like anything and anyone to the right of John Fetterman is FAR right,248,JeanParisot,1jo2fyb,mkor6cz
Neurapraxia,1jo2fyb,"Nato allies and banning opposition from elections: Romania, Turkey, and now France.",680,JeanParisot,1jo2fyb,mkofrqs
Far-prophet,1jo2fyb,"I'm quickly being ""re-educated"" that Democracy means banning or jailing your political opponents.",538,JeanParisot,1jo2fyb,mkoi8aq
MarcVipsaniAgrippa,1jo2fyb,J.D. Vance was 100% right in his speech.,422,JeanParisot,1jo2fyb,mkogasn
Ripamon,1jo2fyb,"EndWokeness said it best:

Romanian opposition leader banned

Brazilian opposition leader banned

French opposition leader banned

Ukraine suspended all elections

Moldova bans opposition party

Germany tries to ban the AFD

America tried to ban Trump

All in the name of saving democracy",364,JeanParisot,1jo2fyb,mkojluh
xxPOOTYxx,1jo2fyb,"The side rigging elections and trying to imprison politcal opponents call everyone else ""fascists"". 

They always project what they are doing onto the other side.",34,JeanParisot,1jo2fyb,mkpa4ly
NuclearOrangeCat,1jo2fyb,"If we had these standards pretty sure everyone from the US 3 branches would be banned from re-election. 

***Everyone.***",5,JeanParisot,1jo2fyb,mkqkzip
ReaganWon,1jo2fyb,"Guilty or not of the crime, the punishment of preventing her from running for office makes it clear what this was really about.

Sounds familiar.",42,JeanParisot,1jo2fyb,mkq2dy1
JeanParisot,1jo2fyb,Lawfare is still ripe in Europe. Let's see how the truth of this pans out.,172,JeanParisot,1jo2fyb,mkoeecm
Total_Decision123,1jo2fyb,I havenâ€™t followed this case closely. Did she actually embezzle (I think that was the charge) money? Or is this 100% political?,45,JeanParisot,1jo2fyb,mkokzq4
cofcof420,1jo2fyb,This subject is bullshit - why is she â€œfar rightâ€? Just because she doesnâ€™t agree with the liberals.,153,JeanParisot,1jo2fyb,mkoigjj
cchris_39,1jo2fyb,Accomplishing in the courtroom what they can never achieve at the ballot box is a favorite of the left.,8,JeanParisot,1jo2fyb,mkq1dil
social_dinosaur,1jo2fyb,"Ultimate irony, the French elites taking a page out of 1930s Germany playbook.",107,JeanParisot,1jo2fyb,mkof959
Deleted,1jo2fyb,[removed],66,JeanParisot,1jo2fyb,mkohpfg
daveg1996,1jo2fyb,"Oh look, actual fascism. A ""leader"" having their pollical opponent for the next election falsely imprisoned after a ~~jury and~~ court (comprised of that leader's supporters) found them ""guilty"". I also looked into the case briefly, and there is quite literally no proof she did any of this.

We almost had this here, and I hope we're able to keep preventing it from occurring in the future.

Edit: I wrongfully assumed there was a jury. It's actually worse as it was just a corrupt judge of the opposing party that was able to solely deem her ""guilty"".",81,JeanParisot,1jo2fyb,mkok4ky
TheModerateGenX,1jo2fyb,France gonna be france. I don't care.,17,JeanParisot,1jo2fyb,mkoveuw
jeepgrl50,1jo2fyb,"More political persecution of anyone who challenges leftists......What a shocker! If I'm Trump I'd sanction the fk outta these psychos for this considering he just went through an attempt to do this to him.

Every Republican should be saying ""Look, Here's what Democrats want for us all.....Authoritarian insanity with a side of judicial persecution!""",17,JeanParisot,1jo2fyb,mkrpvic
Johnny_Mister,1jo2fyb,"Let me guess, it's to preserve democracy",28,JeanParisot,1jo2fyb,mkop5he
Tazmaniac60,1jo2fyb,This is exactly what the Democrats tried on Trump.,6,JeanParisot,1jo2fyb,mkrjkmt
DJSpawn1,1jo2fyb,"Welcome to a new French Revolution....if they know anything, it is too raise a rucus and be heard.",6,JeanParisot,1jo2fyb,mkp8dyd
Single-Stop6768,1jo2fyb,"We didn't leave our allies.


They left us. You have all the stuff that has been happening in Europe regarding speech, you have the fact that Canada's liberal party is on Chinas team (the real reason behind the tariffs*) and now a 2nd European country has decided their voters don't actually get a say, possibly a 3rd if Germany goes through with banning the AFD.Â 


At this point Trump really does need to just stop messing around in the ME. If Canada is going to sell itself out to China and Europe is going to turn on itself (and also probably sell out to China if some of their politicians are to be listened to) then it's time the Monroe doctrine is applied to the full extent to Canada and Geenland whether that be doing whatever it takes to make them official U S territories or states or just going as far as to cut the Chinese out of any dealings with them and making any agreements or dealing with Europe need our approval 1st. Letting China surround us just because we don't want to get our allies mad is stupid.


* the asterisks is for those who don't understand what China has to do with why our relationship with Canada has turned into what it has.",6,JeanParisot,1jo2fyb,mkrw4iz
AstraVolans_21,1jo2fyb,Europe is the new Soviet Union.,11,JeanParisot,1jo2fyb,mkpli8o
space_face_mace,1jo2fyb,fAr rIgHt,17,JeanParisot,1jo2fyb,mkop8zc
Delicious_Physics_74,1jo2fyb,I am more and more convinced that Europe and the USA share neither strategic nor ideological interests,5,JeanParisot,1jo2fyb,mkqkuwo
newcolours,1jo2fyb,"French corruption, as usual.
She wasn't doing anything untoward.",4,JeanParisot,1jo2fyb,mks7ia8
GeneticsGuy,1jo2fyb,"The Left is a threat to Democracy in every country.

But yet here in America the left is losing their minds claiming we are in Nazi Germany 1930s because Trump is trying to shrink government... because every dictator in history shrunk government and governmental powers, right?

There's zero logic with the left.",33,JeanParisot,1jo2fyb,mkoj6c3
Right_Archivist,1jo2fyb,France is unworthy of NATO.,29,JeanParisot,1jo2fyb,mkoibev
anotherproxyself,1jo2fyb,"What she did is common practice. They decided to go after her because she is a Eurosceptic, was likely to win, and the EU wants to avoid a Frexit.",9,JeanParisot,1jo2fyb,mkpgyyz
Bitter_North_733,1jo2fyb,"Absolute Same Gameplan Around the World 

No opposition allowed uniparty state",2,JeanParisot,1jo2fyb,mksvzav
fleshdropcolorjeans,1jo2fyb,"These are the ""allies"" all the ""fellow conservatives"" here are so mad about angering.

We should be sanctioning these countries, not paying for the freeloaders wars.",3,JeanParisot,1jo2fyb,mkpi4w3
Commercial_Hedgehog1,1jo2fyb,"If she did embezzle the money then so be it, she did it, it's a crime. I don't know enough about it to pass judgement of any kind

But I can guarantee if any leftist in France or the US was charged with the same thing, by a conservative leaning court, they'd all cry fascism. If we do it, it's fascism, they do it and it's ""protecting democracy and the rule of law.""",5,JeanParisot,1jo2fyb,mkq9dex
d2r_freak,1jo2fyb,The US should immediately pull all aid from these countries. More leftofascism on the world stage - why on earth should we help these monsters?,13,JeanParisot,1jo2fyb,mkolcdk
ergzay,1jo2fyb,"It's stuff like this that gives even better force to the argument that the next actually fascist regime will rise in Europe, because when democracy and free speech no longer allows you to fix problems the only thing remaining is violence. Hopefully it doesn't come to that.",2,JeanParisot,1jo2fyb,mkr93z2
richmomz,1jo2fyb,"Apparently it happens in France all the time too, but only one side actually gets punished for it.",53,Seamusnh603,mkpjvky,mks34p9
SeemoarAlpha,1jo2fyb,"Probably, if you read the transcript her party used a similar scheme that typically is used by the left here in the U.S. Colloquially called ""no-show"" jobs, i.e. hiring staff (friends, family) for do nothing paid positions.  It appears that this wasn't so much for personal enrichment but for party enrichment.",306,bw2082,mkospo2,mkp2qad
CCPCanuck,1jo2fyb,"No. The claim is that she was paying RN staffers with EU funds, despite those staffers clearly serving dual roles.  This is common practice and the first time any party or politician has faced anything more than a slap on the wrist and some embarrassment as a result.",152,bw2082,mkospo2,mkpotxw
Cylerhusk,1jo2fyb,"Perhaps, but the behavior of the left in the US as well as throughout Europe lately and the repeated attempts by left-wing governments to stop their rivals from being able to run for office... it certainly sheds plenty of doubt on the legitimacy of the court's decision.",108,bw2082,mkospo2,mkoye9d
ufdan15,1jo2fyb,"I'd argue even if so, throw her in jail or give her a fine, don't ban someone from the political process.",39,bw2082,mkospo2,mkp23rn
Deleted,1jo2fyb,[deleted],71,CMDR_Scorpse_Corpse,mkor6cz,mkoty6n
Provia100F,1jo2fyb,Bernie Sanders is what they unironically consider to be conservative,59,CMDR_Scorpse_Corpse,mkor6cz,mkps2qn
UltraAirWolf,1jo2fyb,"Fetterman himself is far right. Heâ€™s been highly critical of Hamas.

/s",1,CMDR_Scorpse_Corpse,mkor6cz,mktezyl
TheVREnthusiast2,1jo2fyb,She seems like more of a moderate.,-5,CMDR_Scorpse_Corpse,mkor6cz,mkpw7ix
-spartacus-,1jo2fyb,"From what I've read on the subjects and watched a few podcasts, it seems for the most part the crimes are mostly ""legitimate"", and what I mean by that is by the definition of law the crime was committed.  (At least with the stuff with Romania and here in France, not sure about Germany).

The concern I have is this is the same way Russian's operate in that everyone breaks the law and those in the ""in"" group are immune from it in so much they follow the ""party"" line.  If you step out or threaten the leader/party then they throw you in prison for the crimes you committed even if everyone is doing the same.

Then you have the lawfare for targeted at Trump which was even more ""show me the person and I will show you the crime"".

Anyways, Turkey is a bit different than the rest of Europe where Erogan is more of a dictator who has been manipulating the constitution to stay in power longer and is trying to do so again.  

I think most of us here would agree that on form, we want the laws being applied to people equally, but only feel the laws are being applied unequally (the assertion of OP is done to keep the out-group out of power).  I don't think there is any easy solution for any western country to handle this without something like a ""blanket amnesty for any crimes where no one was harmed"" and any further infractions will be met equally.  Then again, if everyone is doing it are you going to have enough resources as a LEO to go after everyone?",105,Neurapraxia,mkofrqs,mkoy0v6
JeanParisot,1jo2fyb,"Let's not forget Germany.

I think more people are waking up however...

*The more you tighten your grip, Tarkin, the more star systems will slip through your fingers.*",338,Neurapraxia,mkofrqs,mkogt2u
Shadeylark,1jo2fyb,"It's like I said in 2020; if America could see what is happening in America, America would invade America to make America free like America.

Seems America is just as blind to what our allies do as we are to what we ourselves do.",3,Neurapraxia,mkofrqs,mkppcj0
richmomz,1jo2fyb,"Europe, donâ€™t make us come over there againâ€¦",1,Neurapraxia,mkofrqs,mks3kao
Deleted,1jo2fyb,[deleted],1,Neurapraxia,mkofrqs,mkonng5
Help_Me____-,1jo2fyb,"Don't forget good ol' Brazil

Not NATO but still democracy is flourishing there /s",1,Neurapraxia,mkofrqs,mksk9wf
DirtyPatton666,1jo2fyb,It's happened over & over again...,1,Neurapraxia,mkofrqs,mkokeyl
MeowMixPK,1jo2fyb,"If we don't jail everyone who disagrees with us, democracy will be at risk. Don't want gulag duty? Vote for Walz/Kaine 2028 and you'll be just fine.",152,Far-prophet,mkoi8aq,mkok2vk
v3rninater,1jo2fyb,"Wait, isn't that fascism?  (Autocorrect tried to say ""Facial"" lmbooo)",13,Far-prophet,mkoi8aq,mkoopb7
grayman1978,1jo2fyb,â€œTolerantâ€,0,Far-prophet,mkoi8aq,mkols0b
edeflumeri,1jo2fyb,And they obviously weren't listening. Covering their ears and screaming LALALALALALALA like the children that they are.,61,MarcVipsaniAgrippa,mkogasn,mkow46n
Dionysus24779,1jo2fyb,"The most damning part Vance's speech (which really was 100% accurate) isn't even him calling out the erosion of the democratic process, but that Europe truly has no values any more.

Right now Europe tries to become ""independent"" and ""militarize"" but what for? Who will want to fight for Europe? What values are we defending? What future are we trying to protect? There's just nothing.",23,MarcVipsaniAgrippa,mkogasn,mkq3a33
sowellpatrol,1jo2fyb,The globalists are working very hard to undermine the will of the people.,138,Ripamon,mkojluh,mkopjxd
fleshdropcolorjeans,1jo2fyb,"Don't forget you also have the UK sending the police to your house for praying.

Oh and Germany will send them to your house if you make a meme that could be interpreted as being critical of the ruling elite or their imported labor.",30,Ripamon,mkojluh,mkpiqy4
ergzay,1jo2fyb,"> Ukraine suspended all elections

Everything is a good point except this one. Ukraine did not ""suspend all elections"" for political reasons. They're under martial law because they're in the middle of a war, and because you're under martial law no elections can be had.",15,Ripamon,mkojluh,mkr9ptu
D_Ethan_Bones,1jo2fyb,"Proscription is still ripe in Europe, 2000 years later.",16,JeanParisot,mkoeecm,mkof1qz
newcolours,1jo2fyb,"No. She did something in a grey area that all the french and euro politicians do.


EU allows funds to pay assistants doing certain work. She paid assistants which were doing that work, however they also did other work for her party, so the far left and corrupt judges who are doing the same thing, used it as an excuse to undermine her because she was going to win the next electionÂ ",4,Total_Decision123,mkokzq4,mks8edf
Deleted,1jo2fyb,[removed],1,Total_Decision123,mkokzq4,mkommmm
JeanParisot,1jo2fyb,"I have to read up more on it to be fair, but it certainly falls into a pattern of behaviour in Europe that is alarming.",-36,Total_Decision123,mkokzq4,mkolqf3
Ripamon,1jo2fyb,"It's almost impossible to find any news headline today that doesn't automatically brand her as far right 

That's how the brainwashing works",114,cofcof420,mkoigjj,mkokt29
Unlucky-Prize,1jo2fyb,"Donâ€™t forget, wanting to keep men out of womenâ€™s sports is far right, as is asking where the money is going. Oh and not shutting schools down for 1.5 years, after the initial prudent closure of a few weeks while we figured out what was going on. Also far right.",61,cofcof420,mkoigjj,mkolibt
Probate_Judge,1jo2fyb,"Just to see if I have it straight...:

She was an MEP in the EU and also in France's Parliament.

As such, she got an allowance from the EU to have aides.  She hired aides with that money.

This judge claims they were somehow not working for her as an MEP, but only working for her political party.....I guess?

So strange and transparently politically motivated if that's not solidly supported by evidence.  It sounds like it's not, there are dozens of others charged(conveniently not named), and even a some of her opposition is aghast at this result.",22,daveg1996,mkok4ky,mkozg2f
Right_Archivist,1jo2fyb,"It gets even worse. They're citing misuse of funds dating back to **2004**.

But 21 years ago, she was not the frontrunner.",59,daveg1996,mkok4ky,mkonlu8
bozoconnors,1jo2fyb,"I'm actively trying to find an image of a 'Tesla protest' sign that states a legitimate excuse or reason for... 'protesting'.  

It's been an total time waste thus far.",11,GeneticsGuy,mkoj6c3,mkp1a3f
FourtyMichaelMichael,1jo2fyb,"Almost like they all encourage each other into compromising behaviors to exploit when advantageous.

*""Hey man, now that you're in The Club, you should vacation on the The Island, we'll get you set up for next month. The only rule is that no one asks too many questions. You'll love it!""*",72,CCPCanuck,mkpotxw,mkpzeih
GiediOne,1jo2fyb,"Agree, I'm thinking the USAID spawned EU look-a-likes that are doing this lawfare crap in Europe and elsewhere.",44,Cylerhusk,mkoye9d,mkp3e3x
kaytin911,1jo2fyb,That is why the US was wise to not have criminality disqualify someone from being elected. It helps make political witch hunts become toothless.,45,ufdan15,mkp23rn,mkqulwx
SeemoarAlpha,1jo2fyb,That would be a more reasonable approach since her ban was immediate though she is sure to appeal the conviction.,16,ufdan15,mkp23rn,mkp7si0
onemanmelee,1jo2fyb,"Yeah, I was considered a straight up liberal just 20-25 years ago, and most of my beliefs are the same or similar--moved slightly right on a few things, but not a ton.

And yet, by today's standards, I'm center right at best. 

Hell, Obama's literal immigration stances in 2008 are considered xenophobic Nazism now.",46,Deleted,mkoty6n,mkp7h1e
Help_Me____-,1jo2fyb,That's because she's French. They have a First Lady with a \*alleged\* dick so she can't have too much common sense or she won't be elected,-1,TheVREnthusiast2,mkpw7ix,mksk72q
Critical_Concert_689,1jo2fyb,"Germany would rather use courts to disenfranchise 17 million people and would rather falsely brand 1 out of every 5 of their citizens as a ""Nazi"" - than admit they have immigration issues.",74,JeanParisot,mkogt2u,mkozfkh
Right_Archivist,1jo2fyb,"Let's not also forget America, almost.

If the Pedocrats had their way, Trump would not have been on the ballot in many states.",167,JeanParisot,mkogt2u,mkoipsk
fuzmufin,1jo2fyb,I appreciate your reference,33,JeanParisot,mkogt2u,mkohpcc
skarface6,1jo2fyb,Germany apparently tried it but didnâ€™t quite succeed.,-7,JeanParisot,mkogt2u,mkoli47
BadDadJokes,1jo2fyb,"> Don't want gulag duty? Vote for Walz/Kaine 2028* and you'll be just fine.

*Note: These candidates who represent the party that is your only hope for protecting democracy were not democratically elected through a primary. They were appointed since temporarily suspending the democratic process is the best way to preserve democracy.",77,MeowMixPK,mkok2vk,mkonrj7
skarface6,1jo2fyb,TimTims!,-3,MeowMixPK,mkok2vk,mkolmck
onemanmelee,1jo2fyb,"*""Marine Le Pen banned from politics for 5 years for receiving a facial...""*

I mean, can we not judge people for their kinks please?",10,v3rninater,mkoopb7,mkp6ygq
bozoconnors,1jo2fyb,Predictably similar reaction to when Trump was advising them to stop huffing Russian gas.,31,edeflumeri,mkow46n,mkp0kep
day25,1jo2fyb,"They're fighting for communsim. They wont call it that though. Like the DPRK calls itself a democratic people's republic. The left view themselves as the embodiment of ""democracy"" but really are authoritarians. They will fight for the ideals indoctrinated into them from birth and serve the global elites.",4,Dionysus24779,mkq3a33,mkquead
JeanParisot,1jo2fyb,Well... hopefully nobody will be thrown off the Tarpeian Rock just yet.,13,D_Ethan_Bones,mkof1qz,mkofidh
cofcof420,1jo2fyb,Exactly.  Itâ€™s coordination between political entities and the media.,12,Ripamon,mkokt29,mkp9w50
cofcof420,1jo2fyb,Far far right ðŸ¤£,7,Unlucky-Prize,mkolibt,mkp9z3l
daveg1996,1jo2fyb,"The US needs to come out and condemn this as the cowardly act that it is. Other countries haven't held back at taking inappropriate jabs at us lately, so Trump himself needs to start hitting back.",42,Right_Archivist,mkonlu8,mkoom5s
PatTheBatsFatNutsack,1jo2fyb,"The ban stays in place until the appeal is successful and the ruling is overturned, which if that even happened it could take a while.",19,SeemoarAlpha,mkp7si0,mkqang4
Deleted,1jo2fyb,[deleted],6,onemanmelee,mkp7h1e,mkq4y8r
AU36832,1jo2fyb,"But, democracy will end if we allow voters to elect someone other than a Democrat!",42,Right_Archivist,mkoipsk,mkovjfd
JeanParisot,1jo2fyb,"They did if you ask me.

The newly-elected so-called conservative centre-right party has formed a coalition with the centre-left/left parties instead of the second-most elected party that is conservative.

So now Germany will have a dysfunctional, probably left-leaning government when a clear 50% (when you combine CDU/CSU+AFD) voted for a right-wing direction for the country.",48,skarface6,mkoli47,mkon0p6
ObadiahtheSlim,1jo2fyb,One step towards Managed Democracy.,27,BadDadJokes,mkonrj7,mkos7ne
edeflumeri,1jo2fyb,"Yup! Then they accuse us of ""colluding with Russia.""",10,bozoconnors,mkp0kep,mkr6ppf
bionic80,1jo2fyb,"Depends on how many more % points the immigrant population ticks up there.

My son was in Paris a few weeks ago for a school trip, they were 'encouraged' to avoid areas in Paris because of harassment issues.",9,JeanParisot,mkofidh,mkowwxi
onemanmelee,1jo2fyb,"I remember when I first felt myself separating from the left too. It was early in the Obama years (or maybe slightly before) when they repeatedly and conspicuously refused to use terms like ""radical Islam"" or ""Islamic terrorism,"" or etc.

I was like, look, this isn't about bigotry or generalizing, this is about correctly identifying the issue so we can address it effectively. 

I started to see that they were more worried about appearing to be ""on the wrong side of history"" than they were about literally stopping potentially devastating things from happening, more terrified of being called a bigot than about the prospect of another 9-11 or worse. 

And it just went further and further downhill from there.",8,Deleted,mkq4y8r,mkq8kbw
crash______says,1jo2fyb,"Sidestepping the German federal government's attempts through the courts to remove AfD from ballots and ban their party..

> newly-elected so-called conservative centre-right party has formed a coalition with the centre-left/left parties instead of the second-most elected party that is conservative.

This is pretty normal in parliamentary systems. Tories teaming up with the LibDems against Labor, as an example in the UK.",23,JeanParisot,mkon0p6,mkopxv7
kodobird,1jo2fyb,"Wasn't expecting a Helldivers joke in /Conservative, but I'm here for it!",5,ObadiahtheSlim,mkos7ne,mkp81g0
Simmumah,1jnzr8t,Prosecute those in charge who gave them the numbers.,184,GeoffreyArnold,1jnzr8t,mkpa5fc
Deleted,1jnzr8t,[removed],46,GeoffreyArnold,1jnzr8t,mknvzlv
Don_Alvarez,1jnzr8t,"So in the movies where guys like ""I need new ID!!!"" and hands some underworld guy a fistful of money is all crap. All they had to do was go down to Social Security and tell them you want to vote democrat?",96,GeoffreyArnold,1jnzr8t,mkpb6cz
BohdiOfValhalla,1jnzr8t,"What stage is this with the left?  - ""Yes it is happening, but here is why it is a good thing""?",90,GeoffreyArnold,1jnzr8t,mkohoja
Hulluck22,1jnzr8t,"This is something the left said never happened. ever.   Everyone with their eyes open knew the left were using these people as pawns. To try and tilt red areas blue.   The victims were the illegal immigrants.  They were used over and over again.  They were open to exploitation from different angles.  literally slaves ripe for explotation.  Forced to work cheap labor jobs. Cheap labor jobs which most of the left wouldnâ€™t ever consider because of pay being to low. LIVABLE WAGE and all that bs.  i say bs because if they truley believed it. Then they wouldnâ€™t be ok with the exploitation of anyone which the policies they support was enabling is a massive way.

 The left thinks itâ€™s ok to exploit these people because they were USING them. Pay which is far lower than the unlivable wage which the left has been clamoring about for almost a decade now. WTF!!?  â€œWhose going to do those jobsâ€.  How do you have a position of wanting a better living wage but out of the side of your mouth you say illegal immigrants are needed to fill these jobs at an even lower wage!?  The left hasnâ€™t changed. Theyâ€™re Still the Robert Byrds theyâ€™ve always been As a Majority. or theyâ€™re useful idiots of the lefts leadership.",38,GeoffreyArnold,1jnzr8t,mkp4lig
Theloripalooza,1jnzr8t,"Can we start arresting those responsible for causing this to happen, yet?",51,GeoffreyArnold,1jnzr8t,mkp4yk0
TheVREnthusiast2,1jnzr8t,"Me myself, I donâ€™t immediately believe everything I see or hear at first glance, but to be honest I really would not doubt it.

I donâ€™t know how they could be ITINâ€™s unless they straight up lied, because they would be in separate databases.

This is pretty crazy stuff though. And I really doubt any of this shit is made up.",92,GeoffreyArnold,1jnzr8t,mko72u8
Wing_attack_Plan_R,1jnzr8t,I remember an interview with a female Social Security employee who confirmed this was happening.,37,GeoffreyArnold,1jnzr8t,mko3yl3
HNutz,1jnzr8t,Fucking A...,5,GeoffreyArnold,1jnzr8t,mkok8kh
Low-Difficulty4267,1jnzr8t,Amen. What is in the darkness will always come to light eventually. We all knew we werenâ€™t stupid,2,GeoffreyArnold,1jnzr8t,mkro6eq
Mehnard,1jnzr8t,"But, but, but, There. Was. No. Election. Fraud!",2,GeoffreyArnold,1jnzr8t,mkq31t5
Jurclassic5,1jnzr8t,Get em.,-1,GeoffreyArnold,1jnzr8t,mkqaut6
GeoffreyArnold,1jnzr8t,They all got preemptive pardons. The whole Biden Crime Family and their top associates all got pardons. They canâ€™t even be prosecuted. The cogs who issued the SSNs were just following orders.,25,Simmumah,mkpa5fc,mkpuk8a
Status_Control_9500,1jnzr8t,SSN. ITINs will not allow you to collect SS.,81,Deleted,mknvzlv,mko124o
Probate_Judge,1jnzr8t,"> ids which have the same numerical format as SSNs

The video sounds as if they were found by going through the Social Security records.

I would think ITIN has it's own separate database.

>I am aware of that, without reading the article that wasnâ€™t the issue as I understood it was just about them being issued.

It's a text tweet also with a video.  Just watch it instead of speculating and ""just asking questions"".",22,Deleted,mknvzlv,mko5y62
BlackScienceManTyson,1jnzr8t,You can vote and get Medicare with an ITIN?,15,Deleted,mknvzlv,mko11ga
GeoffreyArnold,1jnzr8t,Seems so.,17,Don_Alvarez,mkpb6cz,mkpu53d
bionic80,1jnzr8t,"Nah, they've gone right past that stage to 'la raza is a good thing and you should enjoy the invasion'",19,BohdiOfValhalla,mkohoja,mkp05wc
zleog50,1jnzr8t,"Have they addressed it at all?

Regardless, the reality is, ""yes, they were issued SSNs, just like every other foreign national that is allowed to work in the US.""

The only controversy here is giving these people work authorizations, but that was already known.

DOGE left that bit out. You can look at SSA's website if you don't believe it.",1,BohdiOfValhalla,mkohoja,mksi7sr
Wonderful_Ad5651,1jnzr8t,Exactly! What good is hearing about it or reading about it if nothing is going to happen to these individuals? They may as well not say anything then that being the case,11,Theloripalooza,mkp4yk0,mkphjrc
zleog50,1jnzr8t,"SSNs are assigned to everyone who is legally allowed to work in the US. It is meaningless in determination of eligibility to vote or mean tested welfare. Tens of millions of noncitizens have SSNs. 

SSNs don't do anything but identify the person to SSA so the employer can pay their payroll taxes.",25,TheVREnthusiast2,mko72u8,mksh4kn
Dismal-Variation-12,1jnzr8t,"Donâ€™t you think thereâ€™s a reason we never hear on the news about people getting denied care at a hospital? Anyone can walk into a hospital and get care. Thereâ€™s only 3 ways people pay: insurance, government program, or they donâ€™t pay and everyone else does with higher costs.",14,TheVREnthusiast2,mko72u8,mkp1mb7
GeoffreyArnold,1jnzr8t,"> I donâ€™t know how they could be ITINâ€™s unless they straight up lied, because they would be in separate databases.

Nope.  Watch the video.  It was done on purpose by the Biden Administration.",6,TheVREnthusiast2,mko72u8,mkoq0s6
bozoconnors,1jnzr8t,"> The cogs who issued the SSNs were just following orders.

The 'Nuremberg defense' is largely unsuccessful in criminal trials.  Just ask the nazis.",28,GeoffreyArnold,mkpuk8a,mkqbeax
Von_Satan,1jnzr8t,"They can still be prosecuted, that would test the validity/ legality of the pardon.",18,GeoffreyArnold,mkpuk8a,mkq6tx1
rivenhex,1jnzr8t,"The correct answer to an unlawful order is ""no"".",2,GeoffreyArnold,mkpuk8a,mkqxb3h
boundpleasure,1jnzr8t,"You absolutely can vote in certain municipalities, even as an undocumented immigrant youâ€™re not supposed to be able to vote in federal election elections and I presume also not Medicare.",16,BlackScienceManTyson,mko11ga,mko1ev8
zleog50,1jnzr8t,"No one is denied care in the US. You are absolutely right. 

I will say if it is a life threatening emergency, Medicaid pays, even for an illegal immigrant.",1,Dismal-Variation-12,mkp1mb7,mkshdiy
starBux_Barista,1jnzr8t,through NGO's. When they could the Ngo's gave them lifetime disability....... they never once paid into the system. they illegally crossed the border and was then processed and given paychecks for life and then given First time home loans for illegal immigrants,16,GeoffreyArnold,mkoq0s6,mkp8xpn
TheVREnthusiast2,1jnzr8t,Yep I did. They did NOT make this shit up.,5,GeoffreyArnold,mkoq0s6,mkow0a3
zleog50,1jnzr8t,"They did something far more sinister than that...

Regardless, they are making a fool out of you.

SSNs are assigned to everyone who is legally allowed to work. It has nothing to do with registering to vote or qualifying for welfare programs.

It is the DOGE MO.",4,TheVREnthusiast2,mkow0a3,mkshqbz
Jurclassic5,1jo3qha,Idc if its a republican or democrat if they got wealthy off the taxpayers dime get em out and lock em up.,346,According-Activity87,1jo3qha,mkppkt2
melie776,1jo3qha,Itâ€™s way overdue,90,According-Activity87,1jo3qha,mkphwuj
otakuzod,1jo3qha,THIS will be happy hunting.,144,According-Activity87,1jo3qha,mkp20ho
space_face_mace,1jo3qha,"CNN: of course politicians abuse their positions for money, hereâ€™s why thatâ€™s a good thing",346,According-Activity87,1jo3qha,mkop3q9
Resident_Maybe_6869,1jo3qha,"Yes! I'd love to see this spun into a ""constitutional crisis.""",93,According-Activity87,1jo3qha,mkopuv2
According-Activity87,1jo3qha,![gif](giphy|zjAj8scSq98JhJDrcH),69,According-Activity87,1jo3qha,mkop0b5
gpg2556,1jo3qha,Can we just ban members of Congress from trading stocks? Insane we havenâ€™t gotten this done. Hopefully DOGE puts some pressure on these crooks,10,According-Activity87,1jo3qha,mks61ou
MJM-TCW,1jo3qha,"Personally I am interested in how certain members of Congress have a portfolio that has a greater than 24% return rate for over five years. With most years being over 30%. That is some very interesting investment advice they are getting. Might want to have FINRA, DOJ, and the SEC take a look with DOGE. As it is also interesting that some of the long term prosecutors out of NY south have similar returns on their investments.

Just very interesting, ya know.",13,According-Activity87,1jo3qha,mkrayvz
CFC1983,1jo3qha,As they should cant wait for tge screaming to begin,15,According-Activity87,1jo3qha,mkorrw7
Pinot_Greasio,1jo3qha,Uh oh the leftists better firebomb a couple more Tesla dealerships!!,24,According-Activity87,1jo3qha,mkou848
Cranks_No_Start,1jo3qha,"Iâ€™m curious to see how upset the general masses get upset at Elon over this. Â 

Tell how Bernie and company after bashing the millionaires all these years had to up the bar to billionaires after so many became millionaires on a civil servantâ€™s salaryÂ ",9,According-Activity87,1jo3qha,mkougqr
Slainlion,1jo3qha,"Before it was No Millionaires!  Then they all became one so of course now it's No Billionaires!  

Investigate for sure, then DO SOMETHING FOR ONCE!!!",4,According-Activity87,1jo3qha,mkpenvj
jcr2022,1jo3qha,"I'm not even sure that Congress is the biggest problem anymore. It seems like all of the obviously corrupt ""judges"" around the country have family members working for leftist NGOs or even working directly for the Dem party.

You might want to look into the financials of these judges and their families.",0,According-Activity87,1jo3qha,mkotzey
wanttostaygottogo,1jo3qha,"Anybody see the new Democrat party symbol? They are putting it everywhere but it looks like a swastika. Ssshhh don't tell them.

Edit: Hey Democrat brigaders - You people are on the wrong side of history. Why are you burning Teslas? Are you defending the waste, the fraud or the abuse of federal funds? Take your mask off and reply.",-8,According-Activity87,1jo3qha,mkp9ben
rdenghel,1jo3qha,"CNN will also post an article about the family of one of these â€œstrangely wealthyâ€ people, with a photo of all of them looking sad. The spouse will claim that theyâ€™ll soon have to live in a two-story mansion in the suburbs instead of their current palace in the countryside. And all of it will be the fault of Trump and Musk. â€œHave pity on these poor people! Well, not financially poor. But poor because unelected fascist oligarchs are persecuting them!â€",92,space_face_mace,mkop3q9,mkoq67x
D_Ethan_Bones,1jo3qha,"From living in California I can hear it in the morning silence: *""Democrat politician is SMART for getting hundreds of millions out of politics alone!""*

These are the same people that say texting is a scandal, trying to make a deal with a prospective military ally is a scandal, going back to the old normal is a scandal...",43,space_face_mace,mkop3q9,mkopzwu
Mountain_Man_88,1jo3qha,They'll probably claim that having corrupt politicians is good because it means they're invested in the success of the economy. They should only be allowed to invest in the TSP (basically a 401k for feds),18,space_face_mace,mkop3q9,mkosr2u
Dogger27,1jo3qha,Happy cake day,3,space_face_mace,mkop3q9,mkowd5r
lolyoda,1jo3qha,"I mean, in a way it is. If the government stops working for the people and starts working for itself its effectively a big enough problem constitutional in scale.",56,Resident_Maybe_6869,mkopuv2,mkp0yu1
According-Activity87,1jo3qha,From what happened in NM over the weekend it seems like they are starting to branch out to new targets.,0,Pinot_Greasio,mkou848,mkp22m8
New_Ant_7190,1jo3qha,Comrade Saunders didn't get his first paying job until he was something like 41 years old.,-7,Cranks_No_Start,mkougqr,mkpd9w2
According-Activity87,1jo3qha,">You might want to look into the financials of these judges and their families.

![gif](giphy|QMZpnb79N5BN0wsSM3)",15,jcr2022,mkotzey,mkouegx
space_face_mace,1jo3qha,I just noticed! Thank you,1,Dogger27,mkowd5r,mkp34j2
Pinot_Greasio,1jo3qha,How about the 61 year old lady who was beaten in Arizona for just driving a Tesla?,18,According-Activity87,mkp22m8,mkp5wl0
soupdawg,1jo3qha,What happened?,1,According-Activity87,mkp22m8,mkp4k2z
chillthrowaways,1jo3qha,Was that before or after the honeymoon in Moscow?,-4,New_Ant_7190,mkpd9w2,mkqi8tu
bozoconnors,1jo3qha,Given recent article stating IRS still going after conservatives....  I'd say that's a bingo!,-3,According-Activity87,mkouegx,mkqlwxf
According-Activity87,1jo3qha,"Yeah, been covering all those stories at r/LiberalConsequences",3,Pinot_Greasio,mkp5wl0,mkp64xo
bionic80,1jo3qha,Did they catch the asshat?,1,Pinot_Greasio,mkp5wl0,mkp6afb
New_Ant_7190,1jo3qha,Before I think. His first paying job was being a major in Vermont. That was after he gave up trying to freeload in a commune.,-3,chillthrowaways,mkqi8tu,mkr7mvh
Pinot_Greasio,1jo3qha,Yes thankfully he's due in court today.,8,bionic80,mkp6afb,mkp6rqr
